{
  "lang":"en",
  "name":"pipeline",
  "version":"0.0.0",
  "spacy_version":">=3.8.4,<3.9.0",
  "description":"",
  "author":"",
  "email":"",
  "url":"",
  "license":"",
  "spacy_git_version":"85cc763",
  "vectors":{
    "width":0,
    "vectors":0,
    "keys":0,
    "name":null,
    "mode":"default"
  },
  "labels":{
    "tok2vec":[

    ],
    "ner":[
      "B-LOC",
      "B-MISC",
      "B-ORG",
      "B-PER",
      "I-LOC",
      "I-MISC",
      "I-ORG",
      "I-PER"
    ]
  },
  "pipeline":[
    "tok2vec",
    "ner"
  ],
  "components":[
    "tok2vec",
    "ner"
  ],
  "disabled":[

  ],
  "performance":{
    "ents_f":0.8914339138,
    "ents_p":0.8962519093,
    "ents_r":0.8866674416,
    "ents_per_type":{
      "B-ORG":{
        "p":0.8732959102,
        "r":0.8120805369,
        "f":0.841576507
      },
      "B-LOC":{
        "p":0.9443207127,
        "r":0.9232444203,
        "f":0.9336636389
      },
      "B-MISC":{
        "p":0.884572697,
        "r":0.8644251627,
        "f":0.8743828854
      },
      "I-MISC":{
        "p":0.8724137931,
        "r":0.7312138728,
        "f":0.7955974843
      },
      "B-PER":{
        "p":0.8626069451,
        "r":0.9305103149,
        "f":0.8952729172
      },
      "I-PER":{
        "p":0.9100719424,
        "r":0.9678653405,
        "f":0.9380793474
      },
      "I-LOC":{
        "p":0.9480519481,
        "r":0.8521400778,
        "f":0.8975409836
      },
      "I-ORG":{
        "p":0.889387145,
        "r":0.792276964,
        "f":0.838028169
      }
    },
    "tok2vec_loss":151.8254710534,
    "ner_loss":698.731262207
  }
}