{
  "lang":"en",
  "name":"pipeline",
  "version":"0.0.0",
  "spacy_version":">=3.8.4,<3.9.0",
  "description":"",
  "author":"",
  "email":"",
  "url":"",
  "license":"",
  "spacy_git_version":"85cc763",
  "vectors":{
    "width":0,
    "vectors":0,
    "keys":0,
    "name":null,
    "mode":"default"
  },
  "labels":{
    "tok2vec":[

    ],
    "ner":[
      "B-LOC",
      "B-MISC",
      "B-ORG",
      "B-PER",
      "I-LOC",
      "I-MISC",
      "I-ORG",
      "I-PER"
    ]
  },
  "pipeline":[
    "tok2vec",
    "ner"
  ],
  "components":[
    "tok2vec",
    "ner"
  ],
  "disabled":[

  ],
  "performance":{
    "ents_f":0.8869452923,
    "ents_p":0.8958852129,
    "ents_r":0.8781820295,
    "ents_per_type":{
      "B-ORG":{
        "p":0.8690851735,
        "r":0.8217747949,
        "f":0.8447681104
      },
      "B-LOC":{
        "p":0.9313232831,
        "r":0.9080021775,
        "f":0.9195148842
      },
      "B-MISC":{
        "p":0.8572961373,
        "r":0.8665943601,
        "f":0.8619201726
      },
      "B-PER":{
        "p":0.8891257996,
        "r":0.9055374593,
        "f":0.8972565896
      },
      "I-PER":{
        "p":0.9308270677,
        "r":0.9472073451,
        "f":0.9389457717
      },
      "I-MISC":{
        "p":0.8675958188,
        "r":0.7196531792,
        "f":0.7867298578
      },
      "I-LOC":{
        "p":0.8795180723,
        "r":0.8521400778,
        "f":0.8656126482
      },
      "I-ORG":{
        "p":0.8742857143,
        "r":0.8149134487,
        "f":0.8435561682
      }
    },
    "tok2vec_loss":133.4981432583,
    "ner_loss":581.1157226562
  }
}